sigle,titre,credit
ADM1003,Analyse des systèmes d’information,3
ADM1010,Stage coopératif en administration I,0
ADM1020,Stage coopératif en administration II,0
ADM1030,Stage coopératif en administration III,0
ADM1043,Qualité des soins et des services de santé,3
ADM1863,Gestion des services de santé,3
ADM5006,Stage en entreprise,6
ADM5023,Projet d’intervention en gestion,3
ADM5033,Analyse et résolution de cas en gestion,3
ADP1083,Gestion dans le secteur public,3
ADP1093,Système administratif de l’État,3
ADS1083,Organisation de l’éducation au Québec,3
ANA30108,1Anlayse musicale 1,2
ANA30208,1Analyse musicale 2,2
ANG1123,Performance in Oral English,3
ANG1200,Rédaction anglaise – test de classement,0
ANG1223,Practice in Oral English,3
ANG1243,Rédaction anglaise - Intermédiaire I,3
ANG1253,Rédaction anglaise - Intermédiaire II,3
ANG1263,Rédaction anglaise - Avancé I,3
ANG1273,Rédaction anglaise - Avancé II,3
ANG9003,Compréhension de l’anglais écrit spécialisé (niveau moyen),3
ANG9023,Compréhension de l’anglais écrit spécialisé (niveau supérieur),3
APS1000,Activité préparatoire aux stages coopératifs,0
ARI1003,Dessin d’observation,3
ARI1023,Sémiotique de l’image,3
ARI1033,Logiciels graphiques,3
ARI1043,Image et société,3
ARI1053,Scénarisation du récit en images,3
ARI1063,Composition et plasticité,3
ARI1073,Conception et scénarisation de projets multimédias,3
ARI1083,Réalisation de projets multimédias,3
ARI1093,Univers et expression de la lettre,3
ARI1123,Projet d’édition interdisciplinaire,3
ARI1133,Culture du graphisme,3
ARI1143,Art actuel,3
ARI1153,La bande dessinée: perspectives socio-historiques,3
ARI1163,Culture et éthique muséales,3
ARI1183,Langage photographique,3
ARI1193,Jeux et interactivités,3
ARI1203,Image en mouvement,3
ARI1233,Conception de projets interactifs,3
ARI1243,Mots et images,3
ARI1253,Approche interdisciplinaire de l’image en mouvement,3
ARP0103,Initiation au langage plastique I,3
ARP1021,Introduction au programme,1
ARP1086,Création synthèse: réalisation et diffusion,6
ARP1103,Exploration et méthode II,3
ARP1123,Sujet choisi en arts visuels,3
ARP1133,Esthétique,3
ARP1173,Psychologie de la perception,3
ARP1193,Création synthèse I : planification et exploration,3
ARP1196,Théorie de la créativité,6
ARP1203,"Synthèse I en bande dessinée : exploration, scénarisation, découpage",3
ARP1306,Synthèse II en bande dessinée : réalisation,6
ARP1326,Imagerie informatique,6
ARP1353,Discours sur les arts visuels,3
ARP1363,Procédés de production et de reproduction,3
ARP1523,Bases typographiques,3
ARP1533,Images de marque,3
ARP1573,Design et normes institutionnelles,3
ARP1593,Publicité et communications,3
ARP1623,Maquettes de présentation et portfolio,3
ARP1653,Sérigraphie,3
ARP1673,Scénario d’un travail informatisé,3
ARP1683,Art contemporain et multidisciplinarité,3
ARP1763,Gestion de la carrière en arts et en design graphique,3
ARP1773,Graphisme synthèse I: projet dans l’entreprise,3
ARP1803,Graphisme synthèse II: recherche et innovation,3
ARP1806,Éditique et bande dessinée expérimentale,6
ARP1993,Bande dessinée de commande et scénarimage,3
ARP2003,Dessin: anatomie et perspective II,3
ARP2023,Sujets choisis en arts,3
ARP2033,Techniques de base en photographie,3
ARP2143,Milieux professionnels,3
ARP2162,Art canadien,2
ARP2221,Atelier de réussite universitaire,3
ARU9003,Atelier de peinture,3
ARV1133,Approche sculpturale,3
ARV1143,Métissage numérique et matériel,3
ARV1153,Dessin: exploration avancée,3
ARV1163,Projet pictural,3
ARV1173,Projet sculptural,3
ARV1183,Recherche et positionnement esthétique,3
ARV1193,Art public et performance,3
ARV1203,Projet en métissage de l’image,3
ARV1233,Projet exploratoire en arts visuels I,3
ARV1243,"Atelier exploratoire 2D, 3D",3
ARV1263,Atelier exploratoire en installation,3
ARV1273,Projet d’artiste,3
ARV1283,"Interactivité, son et image",3
ARV1293,Peinture: exploration avancée,3
ARV1303,Enjeux des arts au XXe siècle,3
ARV1323,Approches critiques des arts,3
ARV1333,Image de synthèse,3
ARV1343,Anatomie et perspective,3
BDE1003,Synthèse en bande dessinée: réalisation,3
BDE1006,Atelier de scénarisation en bande dessinée,6
BDE1023,Dessin et narration,3
BDE1033,Récit et découpage graphique,3
BDE1043,Analyse critique de la bande dessinée,3
BDE1053,Esthétique de la bande dessinée,3
BDE1063,Édition et diffusion de la bande dessinée,3
BDE1073,Atelier d’encrage et de mise en couleur,3
BDE1083,Sujet choisi en bande dessinée,3
BDE1103,Création artistique et perspectives pédagogiques,3
BEA1002,Séminaire d’intégration III,2
BEA5001,Stage I : sensibilisation à la pratique de l’enseignement des arts visuels,1
BEA5002,Stage II : stage d’enseignement des arts visuels au secondaire,2
BEA5006,Stage IV : stage d’enseignement en arts visuels et médiatiques1,6
BEA5010,Séminaire d’intégration II,0
BEA5021,Laboratoire d’initiation à la pratique de l’enseignement des arts au secondaire,1
BEA5022,Stage III : stage d’enseignement des arts visuels au préscolaire et au primaire,2
BEA5026,Séminaire d’intégration IV,6
BEA5031,Stage I : Sensibilisation au milieu et à la pratique de l’enseignement des arts plastiques au secondaire,1
BEA5032,Stage II: Enseignement des arts platiques au secondaire,2
BEA5056,Stage III: Enseignement des arts plastiques au préscolaire et au primaire,6
BEA5066,Stage IV : Développement professionnel en enseignement des arts visuels (au primaire ou au secondaire)1,6
BEA5110,Stage I : sensibilisation à la pratique de l’enseignement de la musique,0
BEM5002,Stage II: Stage en enseignement de la musique au secondaire,2
BEM5006,Stage IV : stage en enseignement de la musique1,6
BEM5010,Stage III: Stage en enseignement de la musique au préscolaire et au primaire,0
BEM5016,Stage I : Sensibilisation au milieu et à la pratique de l’enseignement de la musique au secondaire,6
BEM5022,Stage II : Enseignement de la musique en éducation préscolaire et en enseignement primaire,2
BEM5026,Stage III : Enseignement de la musique au secondaire,6
BEM5036,Stage IV : Développement professionnel en enseignement de la musique (au primaire ou au secondaire)1,6
BEM5110,Portfolio II,0
BEP1001,Fondements et organisation de l’éducation au préscolaire,1
BEP1003,Portfolio III,3
BEP1021,Développement de l’enfant du préscolaire et du primaire I,1
BEP1023,Développement professionnel continu et portfolio IV,3
BEP1031,Initiation à la pratique en éducation au préscolaire,1
BEP1033,Culture scientifique,3
BEP1041,Développement de l’enfant du préscolaire et du primaire II,1.5
BEP1043,Fondements épistémologiques en sciences humaines,3
BEP1051,Développement de l’enfant en éducation préscolaire et en enseignement primaire I,1.5
BEP1203,Développement de l’enfant du primaire II,3
BEP1223,Stage I : sensibilisation à la pratique de l’enseignement,3
BEP5002,Stage II : développement des habiletés didactiques au préscolaire et au primaire,2
BEP5005,Stage III : Prise en charge de la classe,5
BEP5006,Stage IV : développement professionnel au préscolaire et au primaire1,6
BEP5010,Séminaire d’intégration II,0
BEP5021,Stage I : éveil à la pratique de l’enseignement au préscolaire et au primaire,1
BEP5023,Stage II : habilitation didactique,3
BEP5024,Stage II : Développement des habiletés didactiques en éducation préscolaire et en enseignement primaire,4
BEP5025,Stage III : Prise en charge de la classe en éducation préscolaire et en enseignement primaire,5
BEP5026,Séminaire d’intégration III,6
BEP5031,Stage I : Éveil à la pratique en éducation préscolaire et en enseignement primaire,1
BEP5033,Séminaire d’intégration IV,3
BEP5041,Séminaire d’intégration II,1
BEP5061,Séminaire d’intégration III,1
BEP5071,Stage IV : Développement professionnel continu et insertion professionnelle1,1
BEP5110,Séminaire d’intégration IV : Développement professionnel continu et insertion professionnelle,0
BEP5122,Portfolio II,2
BES1001,Psychologie de l’adolescent,1
BES1003,Portfolio III,3
BES1021,Psychologie de l’adolescent,1
BES2003,Stage II : développement des habiletés didactiques au secondaire,3
BES5005,Stage IV : développement professionnel au secondaire1,5
BES5010,Stage I : éveil à la pratique de l’enseignement au secondaire,0
BES5023,"Stage II : Développement des habiletés didactiques en enseignement du français, des sciences humaines ou des mathématiques au secondaire",3
BES5025,Stage III : prise en charge des groupes-classes au secondaire,5
BES5026,Séminaire d’intégration III au secondaire,6
BES5031,"Stage I en enseignement (du français, des sciences humaines ou des mathématiques) au secondaire",1
BES5033,"Stage III : Prise en charge des groupes-classes en enseignement (du français, des sciences humaines ou des mathématiques) au secondaire",3
BES5036,Séminaire d’intégration II,6
BES5051,Séminaire d’intégration III,1
BES5061,Séminaire d’intégration et portfolio IV,1
BES5071,Séminaire d’intégration I,1
BES5081,1Spécialité 3,1
CIC3021,1Spécialité 4,3
CIC3041,1Spécialité 1,3
CIS3011,1Spécialité 2,3
CIS3021,1Spécialité complémentaire,3
CIS3051,Savoirs et contenus scientifiques,3
CMU1003,Particularités et stratégies de la diffusion numérique,3
CMU1023,Gestion et exploitation des collections numériques,3
CMU1033,Graphisme et possibilités multimédias,3
CMU1043,"Mise en valeur, interprétation et cyberapprentissage",3
CMU1053,Conception et articulation de l’espace virtuel,3
CMU1063,Projet appliqué en cybermuséologie,3
CMU1093,Stage d’observation en milieu professionnel,3
CMU5003,Histoire des communications,3
COM1003,Communication verbale,3
COM1023,Communication et opinion publique,3
COM1053,Communication et société,3
COM1063,Messages informatifs,3
COM1083,Relations publiques,3
COM1103,Analyse de la communication,3
COM1123,Médias québécois et canadiens,3
COM1133,Information et communication,3
COM1143,Rédaction et outils en communication,3
COM1153,Étude de cas en communication publique,3
COM1163,Projet en communication publique,3
COM1173,Communication orale et écrite en gestion,3
COM1183,COM1193A1English Communication Skills for Science Studies,3
COM1193A,Expression orale et expression écrite,3
COM1203,Contrôle et manipulation de l’information,3
COM1233,Communications internationales,3
COM1243,Communication audiovisuelle,3
COM1253,Communication publicitaire,3
COM1263,Communication radiophonique,3
COM1273,Médias alternatifs,3
COM1283,Métiers du journalisme,3
COM1293,Communication et prospective,3
COM2303,Communication et rapports de genre,3
COM2323,Politique et régulation en communication,3
COM2333,Communication et gestion de crise,3
COM2343,Plan de communication,3
COM2353,Communication dans les organisations,3
COM2363,"Éthique, technologies de l’information et société",3
COM2373,Introduction aux théories de la communication,3
COM2383,La communication pour le changement social,3
COM2393,Culture et communication,3
COM2403,Information et actualité internationale,3
COM2423,Médias numériques : problèmes et enjeux,3
COM2433,"Médias, sexualité(s) et société",3
COM2443,Création web et propriété intellectuelle,3
COM5003,1Contrepoint 1,3
CPT30109,1Contrepoint 2,2
CPT30209,Stage en sciences comptables I,2
CTB1010,Application au milieu professionnel,0
CTB1012,Stage en sciences comptables II,2
CTB1020,Vérification approfondie,0
CTB1021,Comptabilité approfondie,1
CTB1031,Fiscalité approfondie,1
CTB1041,Introduction à la fiscalité,1
CTB1103,Fiscalité avancée,3
CTB1123,Comptabilité administrative I,3
CTB1143,Comptabilité de management I323 ,3
CTB1243,Comptabilité de management II,3
CTB1253,Comptabilité de management III,3
CTB1263,Comptabilité administrative II,3
CTB1483,Comptabilité approfondie,3
CTB1583,Fiscalité approfondie,3
CTB1593,Préparation et présentation de l’information comptable,3
CTB1623,Information comptable et prise de décision,3
CTB1633,Fiscalité des affaires,3
CTB1643,Comptabilité pour gestionnaires,3
CTB1653,Comptabilité intermédiaire I,3
CTB1673,Comptabilité intermédiaire II,3
CTB1683,Comptabilité intermédiaire III,3
CTB1693,Constitution et transformation du contrôle de gestion moderne,3
CTB1703,Comptabilité spécialisée,3
CTB1723,Comptabilité des investissements corporatifs,3
CTB1733,Retraite et planification successorale,3
CTB1793,Gestion financière personnelle,3
CTB1803,Introduction aux états financiers,3
CTB1823,Analyse des états financiers,3
CTB1833,Fiscalité des particuliers,3
CTB1843,Initiation disciplinaire et professionnelle et intégration des connaissances disciplinaires,3
CTB1853,Immobilisations et instruments financiers simples,3
CTB1863,Compréhension et contrôle des coûts,3
CTB1873,Sujets particuliers de comptabilité financière,3
CTB1883,Analyse et prise de décision,3
CTB1893,Fiscalité des entreprises et des investisseurs,3
CTB1903,Principes d’audit,3
CTB1923,Comptabilité en contexte international,3
CTB1933,Réorganisations et planification fiscale,3
CTB1943,Contrôle de gestion stratégique,3
CTB1953,Évaluation des entreprises,3
CTB1963,Audit d’états financiers et autres missions,3
CTB1973,Comptabilité des placements complexes,3
CTB1983,Activité d’intégration en sciences comptables,3
CTB1993,Contrôle interne,3
CTB2003,Système d’information comptable,3
CTB2023,Gestion financière dans le secteur public,3
CTB2033,Comptabilité financière pour gestionnaire,3
CTB2043,Comptabilité de gestion,3
CTB2053,Éthique et pratique professionnelle,3
CTB2063,Logiciels de systèmes d’information comptable,3
CTB2073,Principes d’audit,3
CTB2083,Audit d’états financiers et autres missions,3
CTB2093,Vérification de gestion approfondie,3
CTB9001,Fondements pratiques,1
DEG1003,"Processus, concept et méthodologie",3
DEG1023,Éléments typographiques et édition,3
DEG1043,Illustration,3
DEG1053,Approches graphiques tridimensionnelles,3
DEG1063,Affiche,3
DEG1073,Documents et procédés d’impression,3
DEG1103,Sujet choisi en design graphique,3
DEG1123,"Éléments typographiques, édition et impression",3
DEG1133,Typo 1 : bases,3
DEG1143,Typo 2 : expérimentation et intégration,3
DEG1153,Signalisation et cartographie,3
DEG1163,Design d’interface et ergonomie,3
DEG1173,Design d’événements et installations temporaires,3
DEG1183,Développement communautaire dans le Sud,3
DEV1003,Simulation des Nations Unies,3
DEV1006,"Impérialisme, décolonisation et post colonies",6
DEV1023,Genre et développement,3
DEV1033,Économie du développement,3
DEV1043,Interculturalité et développement,3
DEV1053,Dimensions régionales du développement,3
DEV1063,Théories du développement,3
DEV1073,Coopération internationale,3
DEV1083,Problèmes socio-économiques contemporains du sud,3
DEV1093,Perspectives québécoises et canadiennes du développement international,3
DEV1103,Action et intervention humanitaires,3
DEV1123,Afrique : politique et sociétés,3
DEV1133,Asie : politique et sociétés,3
DEV1143,Moyen-Orient et Afrique du Nord : politique et sociétés,3
DEV1153,Amérique latine : politique et sociétés,3
DEV1163,Simulation des Nations Unies,3
DEV1503,Didactique du français I : lecture au primaire,3
DID1623,Didactique du français II : communication orale et écrite au primaire,3
DID1633,Théorie et didactique des mathématiques au primaire I,3
DID1643,Théorie et didactique des mathématiques au primaire II,3
DID1653,Didactique de l’enseignement des arts au secondaire,3
DID1753,Didactique de l’enseignement des arts médiatiques,3
DID1763,Didactique du français langue seconde I,3
DID1773,Didactique de la lecture au primaire,3
DID1893,Didactique de l’écriture et de la grammaire au primaire,3
DID1903,Didactique des mathématiques au primaire I,3
DID1923,Didactique des mathématiques au primaire II,3
DID1933,Didactique des sciences et technologie,3
DID1943,Didactique de l’univers social,3
DID1953,Didactique de la lecture littéraire et de l’oral au primaire,3
DID1963,Didactique des arts au préscolaire et au primaire,3
DID1973,Didactique des mathématiques au primaire III,3
DID1983,Didactique des mathématiques au secondaire I,3
DID1993,Didactiques du français : fondements et processus en lecture et intégration des pratiques,3
DID2003,Didactique du français : fondements et processus en communication orale et intégration des pratiques,3
DID2023,Didactique du français : fondements et processus en écriture et intégration des pratiques,3
DID2033,Didactique des mathématiques au secondaire II,3
DID2043,Didactique des mathématiques au secondaire III,3
DID2053,Didactique de l’univers social : histoire au secondaire,3
DID2063,Didactique de l’univers social : géographie au secondaire,3
DID2073,Didactique de l’appréciation esthétique,3
DID2083,Didactique de l’enseignement des instruments,3
DID2093,Didactique de la direction d’ensembles,3
DID2103,Didactique de l’écriture et de la grammaire,3
DID2123,Didactique des mathématiques I,3
DID2133,Didactique des mathématiques II(DID2133 et MAT1002) ,3
DID2143,Didactique des sciences humaines I,3
DID2153,Didactique de la lecture littéraire et de l’oral,3
DID2163,Didactique des sciences et des technologies en adaptation scolaire au primaire,3
DID2173,Didactique de l’arithmétique en adaptation scolaire,3
DID2183,Didactique des probabilités et de la statistique en adaptation scolaire,3
DID2193,Didactique de l’arithmétique et de l’algèbre,3
DID2203,Didactique de la géométrie,3
DID2223,Didactique de l’algèbre et des fonctions,3
DID2233,Didactique de la probabilité et de la statistique,3
DID2243,Didactique de l’histoire : dimensions épistémologiques,3
DID2253,Didactique de l’histoire : dimensions praxéologiques,3
DID2263,Didactique de la géographie,3
DID2273,Didactique des arts en éducation préscolaire et en enseignement primaire,3
DID2283,Didactique du multimédia en arts visuels,3
DID2293,Didactique des arts plastiques au secondaire,3
DID2303,Didactique de l’appréciation esthétique,3
DID2323,Didactique de l’enseignement des instruments de musique pour le secondaire,3
DID2333,Didactique de l’enseignement musical en éducation préscolaire et en enseignement primaire,3
DID2343,Didactique des sciences et technologie,3
DID5103,Droit des affaires,3
DRT1003,Principes de droit public,3
DRT1043,Droit commercial,3
DRT1073,Arbitrage des griefs,3
DRT1143,Droit appliqué en santé et sécurité au travail,3
DRT1173,Droit des rapports collectifs du travail,3
DRT1183,Aspects juridiques du commerce international,3
DRT1193,Fondements et méthodologie du droit,3
DRT1203,Droit de l’administration,3
DRT1223,Droits et libertés fondamentaux,3
DRT1233,Droit de l’entreprise,3
DRT1243,Droit de la faillite et de l’insolvabilité,3
DRT1253,Droit du commerce international,3
DRT1263,Droit de la consommation,3
DRT1273,Droit immobilier,3
DRT1283,Contrat de travail en encadrement juridique du lien d’emploi,3
DRT1293,Économie du travail II,3
ECN1373,Mondialisation : implications et prospective,3
ECN1453,"ECN1453A1Globalisation, Impacts and Future",3
ECN1453A,Analyse microéconomique,3
ECN1463,Analyse macroéconomique,3
ECN1473,Principes d’économie pour gestionnaire,3
ECN1483,Économie comportementale et sociale,3
ECN1503,Économie immobilière,3
ECN1523,Mesure des phénomènes économiques,3
ECN1543,"Microéconomie I : consommation, production et interventions économiques",3
ECN1553,"Microéconomie II : incertitude, information imparfaite et bien-être économique",3
ECN1563,Macroéconomie I : agrégats et politiques économiques,3
ECN1573,"Macroéconomie II : croissance, fluctuations et crises",3
ECN1583,Économie dans une perspective historique,3
ECN1593,Mathématiques pour économistes,3
ECN1603,Économétrie,3
ECN1623,Économie contemporaine,3
ECN1633,"Commerce, finance et développement",3
ECN1643,Agroforesterie,3
ECO1003,Aménagement durable des écosystèmes,3
ECO1023,Aménagement et planification du territoire,3
ECO1033,Biochimie appliquée à l’écologie,3
ECO1043,Biologie et génétique de la conservation,3
ECO1053,Biologie évolutive et biogéographie,3
ECO1063,Biostatistiques,3
ECO1073,Biotechnologies environnementales,3
ECO1083,Droit de l’environnement,3
ECO1093,Écohydrologie,3
ECO1103,Écologie aquatique,3
ECO1123,Écologie comportementale,3
ECO1133,Écologie de la biosphère,3
ECO1143,Écologie des populations et des communautés,3
ECO1153,Écologie du paysage,3
ECO1163,Écologie forestière et sylviculture,3
ECO1173,Économie écologique,3
ECO1183,Écophysiologie,3
ECO1193,Éthique et gouvernance environnementale,3
ECO1203,Évaluation environnementale,3
ECO1223,Écologie urbaine,3
ECO1233,Écoinformatique,3
ECO1243,Gestion et aménagement de la faune,3
ECO1253,Initiation aux systèmes socio-écologiques,3
ECO1263,Relations plante-animalECO1153 et ,3
ECO1273,Science des sols,3
ECO1283,Systématique,3
ECO1293,Communication pour les sciences biologiques,3
ECO1323,Stage en milieu professionnel I,3
ECO5000,Tournée écologique,0
ECO5001,Méthodes d’échantillonnage,1
ECO5002,Stage en milieu professionnel II,2
ECO5010,Projet intégrateur I,0
ECO5023,Projet intégrateur II,3
ECO5033,Techniques de laboratoire,3
ECO5043,Écologie et environnement à l’international,3
ECO5053,Écriture journalistique,3
ECR1023,Aides technologiques à l’écriture,3
ECR1063,Communication écrite I,3
ECR1073,Communication écrite II,3
ECR1083,Méthodologie de la rédaction I,3
ECR1093,Atelier de création,3
ECR1103,Méthodologie de la rédaction II,3
ECR1123,"Atelier de pratique professionnelle I: rédaction, révision",3
ECR1133,Atelier de pratique professionnelle II: terminologie et traduction,3
ECR1143,Structure narrative I: techniques humoristiques,3
ECR1183,Rédaction Web,3
ECR1203,Rédaction technique et scientifique,3
ECR1223,Atelier de synthèse(ECR1093 ou ECR1243) ,3
ECR1233,Rédaction professionnelle,3
ECR1243,Transition de l’élève en difficulté du primaire au secondaire,3
EFI1032,Développement professionnel continu de l’enseignant en adaptation scolaire,2
EFI1042,Transition vers le secondaire et la vie adulte et parcours différenciés,2
EFI1052,Transitions de l’élève en difficulté,2
EFI1062,Interventions particulières en langage,2
EFI1823,Interventions particulières en psychomotricité,3
EFI1863,Bilan orthopédagogique,3
EFI1893,Interventions particulières en modification du comportement,3
EFI1953,Interventions adaptées en alphabétisation,3
EFI2203,Introduction à l’adaptation sociale et scolaire,3
EFI2243,Prévention et soutien à l’élève en difficulté au préscolaire et au primaire,3
EFI2253,Motivation et réussite scolaire,3
EFI2263,Interventions auprès des élèves ayant un handicap,3
EFI2273,Prévention et soutien à l’élève en difficulté au secondaire,3
EFI2283,Didactique de l’univers social en adaptation scolaire au secondaire,3
EFI2303,Didactique des sciences et de la technologie en adaptation scolaire au secondaire,3
EFI2323,Les aides technologiques adaptées aux élèves ayant des besoins particuliers,3
EFI2333,Didactique de l’univers social en adaptation scolaire,3
EFI2343,Laboratoire clinique I - Évaluation et interventions orthopédagogiques,3
EFI2353,Développement de l’enfant et de l’adolescent,3
EFI2363,Stage I: observation participante,3
EFI5002,Stage III: intervention orthopédagogique,2
EFI5008,Stage IV : développement professionnel de l’enseignant en adaptation scolaire1,8
EFI5010,Séminaire d’intégration II,0
EFI5021,Stage I : visite dans les milieux,1
EFI5022,Stage II : intervention pédagogique au préscolaire et au primaireEFI5002 ou ,2
EFI5025,Stage II : intervention pédagogique,5
EFI5026,Séminaire d’intégration III,6
EFI5031,Stage I : Sensibilisation à l’adaptation scolaire,1
EFI5032,Stage III : intervention en adaptation scolaire au préscolaire et au primaire,2
EFI5036,Stage III : intervention orthopédagogique au préscolaire et au primaire,6
EFI5038,Séminaire d’intégration IV,8
EFI5041,Stage III: intervention en adaptation scolaire au secondaire,1
EFI5046,Stage III : interventions orthopédagogiques au secondaire ( secteur des jeunes et secteur des adultes),6
EFI5048,Séminaire d’intégration II,8
EFI5051,Stage III : Intervention en adaptation scolaire,1
EFI5056,Séminaire d’intégration III,6
EFI5061,Stage II: Habilitation didactique et gestion de la classe,1
EFI5066,Séminaire d’intégration IV,6
EFI5071,Stage IV : Développement professionnel de l’enseignant en adaptation scolaire1,1
EFI5110,Laboratoire d’interventions orthopédagogiques en lectureDID1623 ou ,0
EFI5173,Laboratoire d’interventions pédagogiques en mathématiquesDID1643 ou DID1653 ou ,3
EFI5183,Laboratoire d’interventions orthopédagogiques en écritureDID1903 ou ,3
EFI5223,Laboratoire d’interventions orthopédagogiques en communication orale,3
EFI5233,Stage I : sensibilisation à l’adaptation scolaire,3
EFI5243,Laboratoire en adaptation scolaire : modélisation mathématique,3
EFI5253,Laboratoire en adaptation scolaire : géométrie et mesure,3
EFI5263,Analyse de l’environnement et occasions d’affaires,3
ENT1003,Création d’entreprise,3
ENT1023,Gestion et développement de PME,3
ENT1033,Espagnol I,3
ESP1003,Espagnol II,3
ESP1023,Espagnol intermédiaire I,3
ESP1033,Espagnol par la lecture I,3
ESP1103,Espagnol élémentaire I,3
ESP1123,Espagnol élémentaire II,3
ESP1133,Économétrie financière,3
FIN1003,Gestion financière approfondie,3
FIN1021,Administration financière,1
FIN1023,Analyse et planification financière,3
FIN1033,Analyse des valeurs et portefeuille,3
FIN1073,Finance avancée,3
FIN1093,Économie et finance internationales,3
FIN1103,FIN1103A1International Economics and Finance,3
FIN1103A,Gestion du crédit,3
FIN1123,Financement du commerce international,3
FIN1133,Évaluation des projets d’investissement,3
FIN1143,Politiques de financement,3
FIN1153,Ingénierie financière : produits dérivés,3
FIN1163,Application des tableurs en finance,3
FIN1173,Théories de la finance corporative,3
FIN1183,Finances immobilières,3
FIN1193,Introduction à la finance,3
FIN1753,Politiques financières,3
FIN1763,Synthèse en finance,3
FIN1773,Fonds d’investissement et produits financiers,3
FIN1783,1Formation musicale et auditive 1,3
FMA30108,1Formation musicale et auditive 2,1.5
FMA30208,Atelier de français correctif : grammaire et orthographe,1.5
FRA0143,Atelier de français correctif : rédaction,3
FRA0153,Expression écrite française,3
FRA1003,Français langue seconde I,3
FRA1033,Grammaire descriptive et normative du français I,3
FRA1053,Grammaire descriptive et normative du français II,3
FRA1063,Analyse et synthèse de textes,3
FRA1073,Rédaction et amélioration de textes,3
FRA1083,Littératures francophones I : le Québec,3
FRA1103,Littératures francophones II: la France,3
FRA1123,Méthodologie des études littéraires,3
FRA1133,Le français et la communication orale,3
FRA1173,Français langue seconde II,3
FRA1203,Grammaire du français I : fondements et pratiques,3
FRA1223,Grammaire du français II : fondements et pratiques,3
FRA1243,Intégration de la grammaire en classe de français au secondaire,3
FRA1253,Atelier de création littéraire en classe de français au secondaire,3
FRA1263,Lecture littéraire au secondaire,3
FRA1273,Francophonie plurielle,3
FRA1323,Littératures francophones III: l’Afrique subsaharienne,3
FRA1333,Littératures contemporaines de la francophonie,3
FRA1343,Littératie universitaire pour la formation à l’enseignement,3
FRA1353,Introduction aux théories et méthodes critiques en études littéraires pour l’enseignement au secondaire,3
FRA1383,Français I,3
FRA2303,Français II,3
FRA2323,Français III,3
FRA2333,Séminaire de lecture et d’analyse de textes littéraires pour l’enseignement au secondaire,3
FRA5023,Formation en sécurité dans les laboratoires de génie,3
GEN0100,Chimie générale,0
GEN0103,Physique mécanique et optique,3
GEN0123,Matériaux I,3
GEN1023,Statique,3
GEN1033,Sciences graphiques,3
GEN1043,Dynamique des systèmes I,3
GEN1083,Dynamique des systèmes II,3
GEN1093,Électronique,3
GEN1103,Électronique II,3
GEN1123,Électromagnétisme,3
GEN1143,Électrotechnique,3
GEN1153,Architecture des ordinateurs,3
GEN1163,Systèmes asservis,3
GEN1173,Systèmes digitaux,3
GEN1183,Analyse et traitement numérique des signaux,3
GEN1223,Conception de systèmes digitaux,3
GEN1243,Modélisation et simulation,3
GEN1273,Théorie et technique de la transmission de données,3
GEN1303,Conception de circuits intégrés,3
GEN1333,Économique du génie,3
GEN1363,Statistiques de l’ingénieur,3
GEN1373,Méthodes d’analyse de l’ingénieur,3
GEN1383,Génie logiciel : composants et réutilisation,3
GEN1393,Génie logiciel,3
GEN1423,Systèmes de communication,3
GEN1433,Dynamique et contrôle des systèmes,3
GEN1453,Concepts d’électronique digitale,3
GEN1463,Génie logiciel : Internet et réseaux,3
GEN1473,Systèmes en temps réel,3
GEN1483,Mathématiques de l’ingénieur I,3
GEN1503,Mathématiques de l’ingénieur II,3
GEN1523,Acquisition et contrôle numérique,3
GEN1533,"Ingénierie : aspects professionnels, éthiques, sociaux et environnementaux",3
GEN1543,Ingénierie des circuits VLSI,3
GEN1553,Télécommunications mobiles,3
GEN1563,Conception et modélisation des systèmes de communications optiques,3
GEN1573,Robotique et vision artificielle,3
GEN1593,Conception de circuits micro-ondes,3
GEN1603,"Introduction au génie, communication et rédaction technique",3
GEN1623,Thermodynamique,3
GEN1643,Électromagnétisme appliqué,3
GEN1653,Électronique de puissance,3
GEN1663,Réseaux électriques,3
GEN1673,Énergies renouvelables,3
GEN1683,Optimisation des systèmes énergétiques,3
GEN1693,Optoélectronique et photonique,3
GEN1703,Sujets choisis en génie électrique et énergies durables,3
GEN1723,Modélisation et simulation en génie électrique,3
GEN1733,Commande numérique,3
GEN1743,Machines électriques,3
GEN1753,Réseaux intelligents,3
GEN1763,Comportement des réseaux électriques,3
GEN1803,Électricité industrielle,3
GEN1823,Réseaux de distribution,3
GEN1833,Protection des réseaux électriques,3
GEN1843,Appareillage électrique et matériaux,1
GEN1853,Production de l’énergie électrique,3
GEN1863,Projet de conception de grande envergure en génie électrique,3
GEN1873,Projet de conception de grande envergure en génie,6
GEN1973,Stage en milieu de travail I,6
GEN5001,Projet de fin d’études en génie I,1
GEN5002,Projet de fin d’études en génie électrique II,2
GEN5003,Stage en milieu de travail,3
GEN5011,Projet de fin d’études en génie électrique I,1
GEN5022,Projet de fin d’études en génie II,2
GEN5023,Le monde dans une perspective géographique,3
GEO1283,Géographie physique et environnement,3
GEO1303,Géographie du Québec / du Canada : espace et société,3
GEO1323,"Territoires, environnement et développement durable",3
GEO1333,Géographie urbaine,3
GEO1343,Histoire de la pensée géographique,3
GEO1353,Géographie humaine et territoires,3
GEO1363,Évaluation environnementale et aménagement du territoire,3
GEO1373,Formation et perfectionnement,3
GPE1133,Planification des ressources humaines,3
GPE1153,Gestion de la fonction ressources humaines,3
GPE1163,Analyse des emplois et évaluation du rendement,3
GPE1173,Applications informatisées en gestion des ressources humaines,3
GPE1183,Cas en gestion des ressources humaines,3
GPE1193,Le professionnel en ressources humaines dans l’organisation,3
GPE1243,Systèmes informatisés en ressources humaines,3
GPE1253,Enjeux des arts aux XVIIIe et XIXe siècles,3
HAR1003,Approches théoriques et méthodologiques,3
HAR1023,L’art et le musée,3
HAR1033,Séminaire thématique,3
HAR1043,Séjour de formation à l’étranger,3
HAR1063,1Harmonie 1,3
HAR30108,1Harmonie 2,2
HAR30209,Initiation à la méthode historique,2
HIS1003,Histoire de l’Antiquité,3
HIS1023,Histoire du Moyen Âge,3
HIS1033,Histoire de l’Europe: de la Renaissance à 1815,3
HIS1043,Histoire de l’Europe contemporaine : de 1815 à nos jours,3
HIS1273,Histoire du Canada jusqu’en 1867,3
HIS1303,Histoire du Québec et du Canada : de 1867 à 1929,3
HIS1323,Histoire du Québec et du Canada : de 1929 à nos jours,3
HIS1333,Histoire de l’Outaouais,3
HIS1343,La diaspora francophone en Amérique du Nord,3
HIS1353,Histoire des Amériques,3
HIS1373,Le XXe siècle,3
HIS1383,Histoire de l’Asie,3
HIS1403,Histoire de la Russie et de l’Europe de l’Est,3
HIS1423,Histoire de l’Afrique,3
HIS1433,Histoire des Autochtones au Québec et au Canada,3
HIS1443,Histoire et théorie des idéologies révolutionnaires,3
HIS1453,1Histoire de la musique 1,3
HST30109,1Histoire de la musique 2,2
HST30209,1Histoire de la musique 3,2
HST30309,1Histoire de la musique 4,2
HST30409,Éléments d’évaluation immobilière,2
IMM1003,Méthodes du revenu en évaluation immobilière,3
IMM1023,Méthodes du coût en évaluation immobilière,3
IMM1033,Méthodes de comparaison en évaluation immobilière,3
IMM1043,Rapport narratif d’évaluation immobilière,3
IMM1053,Fiscalité et gestion municipale,3
IMM1063,Négociation et communication en immobilier,3
IMM1073,Technologies de l’information pour gestionnaires,3
INF0003,Stage en informatique I,3
INF1010,Stage en informatique II,0
INF1020,Stage en informatique III,0
INF1030,Cybercriminalité et techniques d’investigation,0
INF1153,Modélisation et conception orientée objet,3
INF1163,Analyse et gestion des exigences,3
INF1173,Intelligence artificielle,3
INF1183,Affaires virtuelles et inforoutes,3
INF1223,INF1223A1E-Commerce and Information Technologies,3
INF1223A,Gestion des systèmes répartis,3
INF1233,Introduction à l’approche orientée objet,3
INF1283,Génie logiciel et approche orientée objet,3
INF1293,Technologies des réseaux,3
INF1333,Administration des réseaux,3
INF1343,Analyse et conception de logiciels,3
INF1363,Multimédia : concepts et méthodes,3
INF1373,Conception de bases de données,3
INF1383,Génie logiciel : langage et traduction,3
INF1393,Développement d’applications avec Visual Basic.Net,3
INF1403,Commutation et routage,3
INF1423,Initiation à la sécurité informatique,3
INF1433,Sécurité des réseaux informatiques,3
INF1443,Technologies du commerce électroniqueINF1503 ou ,3
INF1453,Éléments de médias numériques visuels,3
INF1463,Entreposage et prospection de données,3
INF1473,Programmation graphique 2D/3D,3
INF1483,Initiation à la création de site Web,3
INF1493,Programmation Web avancée,3
INF1503,Technologies XML,3
INF1523,Linux : concepts et programmation système,3
INF1533,Programmation avancée avec Java,3
INF1543,programmation Windows,3
INF1553,Programmation I,3
INF1563,Programmation II,3
INF1573,Développement des systèmes informatiques,3
INF1583,Animation et jeux vidéo,3
INF1593,Architecture orientée services,3
INF1603,Réseaux sociaux,3
INF1623,Programmation de systèmes embarqués en C/C++,3
INF1633,Architecture des ordinateurs II,3
INF1643,Utilisation des bases de données,3
INF3363,Assurance de la qualité,3
INF3473,Projet d’intervention I,3
INF3523,Systèmes d’exploitation,3
INF3723,Télématique,3
INF3803,Génie logiciel I,3
INF4003,Architecture des ordinateurs I,3
INF4023,Techniques de programmation I,3
INF4033,Structures des informations I,3
INF4063,Langages de programmation,3
INF4083,Outils informatiques,3
INF4123,Aspects logiques de la programmation,3
INF4133,Algorithmique I,3
INF4143,Techniques de bases de donnéesINF1563 et (GEN1423 ou INF1173),3
INF4163,Projet synthèse,3
INF4173,Interfaces personne-ordinateur,3
INF4183,Gestion des projets informatiques,3
INF4193,Langages formels,3
INF4223,Gestion de la ressource information,3
INF4233,Programmation orientée objet,3
INF4253,Sujets choisis en informatique,3
INF4293,Analyse et modélisation,3
INF4323,Synthèse et présentation de l’information,3
INF4333,Application des tableurs en gestion,3
INF4343,Sujets choisis en informatique de gestion,3
INF4373,Structures des données et algorithmes,3
INF4393,Programmation en Cobol,3
INF4453,Réalité virtuelle,3
INF4503,Réseaux d’ordinateurs,3
INF4523,Technologies internet,3
INF4533,Introduction au système d’exploitation UNIX,3
INF9022,Problèmes de grammaire,2
LNG1073,Histoire de la langue française,3
LNG1103,Français québécois,3
LNG1123,Grammaire descriptive du français,3
LNG1133,Linguistique comparée I: lexicologie,3
LNG1153,Linguistique comparée II: grammaire et stylistique,3
LNG1163,Lexique du français moderne,3
LNG1233,Grammaire normative pour langagiers,3
LNG1283,Terminologie et terminotique,3
LNG1293,Outils informatiques pour langagiers,3
LNG1303,Outils informatiques avancés pour langagiers,3
LNG1323,Documentation et terminologie,3
LNG1363,Initiation à la recherche en études langagières,3
LNG1373,Mathématiques préparatoires,3
MAT0101,Mathématiques préparatoires,1
MAT0102,Mathématiques générales,2
MAT0103,Calcul différentiel et intégral,3
MAT0123,Bases mathématiques,3
MAT0133,Algèbre vectorielle et matricielle,3
MAT0143,Fondements disciplinaires à l’enseignement des mathématiques,3
MAT1002,Structures algébriques et applications,2
MAT1003,Éléments de mathématiques pour l’informatique,3
MAT1023,Algèbre linéaire,3
MAT1053,Analyse pour informaticiens,3
MAT1073,Sujets choisis en mathématiques,3
MAT1083,Structures discrètes,3
MAT1153,Analyse de Fourier,3
MAT1223,Équations différentielles,3
MAT1233,Probabilités et statistiques,3
MAT1243,Probabilités en classe de mathématiques au secondaire,3
MAT1253,Fondements arithmétiques en classe de mathématiques au secondaire,3
MAT1263,Géométrie euclidienne en classe de mathématiques au secondaire,3
MAT1273,Géométrie analytique et transformations en classe de mathématiques au secondaire,3
MAT1283,Fondements disciplinaires en mathématiques,3
MAT1293,Laboratoire de résolution de problèmes,3
MAT1303,Probabilités,3
MAT1323,Fondements arithmétiques,3
MAT1333,Géométrie euclidienne,3
MAT1343,Géométrie analytique et transformations,3
MAT1353,Histoire des mathématiques,3
MAT3203,Fondements algébriques,3
MAT3223,Analyse réelle,3
MAT3243,Géométrie I,3
MAT3253,Géométrie II,3
MAT3263,Publicité et promotion,3
MKT1073,Marketing social,3
MKT1093,Gestion de la vente,3
MKT1103,Consommation et recherche commerciale,3
MKT1143,"Approvisionnement, distribution et merchandising",3
MKT1153,Commerce international et exportation,3
MKT1163,MKT1163A1International Trade and Export,3
MKT1163A,"Publicité, promotion et relations publiques",3
MKT1173,Marketing,3
MKT1183,Recherche commerciale en international,3
MKT1203,Marketing international,3
MKT1223,Stratégie de marchés étrangers et de distribution internationale,3
MKT1233,Recherche commerciale,3
MKT1243,Stratégie de vente,3
MKT1253,Commerce et marketing électroniques,3
MKT1263,Comportement du consommateur,3
MKT1273,Communication en marketing,3
MKT1283,Séminaire de marketing,3
MKT1293,Marketing immobilier,3
MKT1303,Gestion internationaleCTB1143 et ,3
MNG1243,Mouvement coopératif,3
MNG1263,Processus de gestion,3
MNG1303,Habiletés de gestion,3
MNG1323,Gestion des équipes,3
MNG1333,Organisations et sociétés,3
MNG1343,"Acquisition, impartition, privatisation, alliance et fusion",3
MNG1353,Dimension culturelle et gestion internationale,3
MNG1363,MNG1363A1Cultural Dimensions of International Management,3
MNG1363A,MNG1363E1Dimension cultural y gestion internacional,3
MNG1363E,Analyse de l’environnement et occasions d’affaires,3
MNG1373,Création d’entreprise(CTB1623 ou CTB1673) ,3
MNG1383,Gestion et développement de PME,3
MNG1393,Gestion de la qualité,3
MNG1403,"Design, réingénierie et innovation",3
MNG1423,Gestion stratégique,3
MNG1433,"Développement des personnes, audit social et relation d’aide",3
MNG1443,Entreprise et environnement sociopolitique,3
MNG1453,Gestion du changement,3
MNG1463,Efficacité personnelle et technologies de l’information,3
MNG1473,Gestion des opérations et de la production,3
MNG1483,Principes de contrôle des stocks et des opérations,3
MNG1493,Logistique du commerce international,3
MNG1503,Entrepreneuriat mondial,3
MNG1523,Gestion du commerce international,3
MNG1533,Gestion des approvisionnements,3
MNG1543,Responsabilités sociales et environnementales des organisations,3
MNG1553,Management,3
MNG1573,Éthique des affaires et responsabilité sociale,3
MNG1583,Comportement organisationnel,3
MNG1593,Management interculturel,3
MNG1603,Théories des organisations,3
MNG1623,Introduction à la gestion de projet,3
MNG1633,Environnement sociopolitique de l’entreprise,3
MNG1643,Gestion des finances publiques,3
MNG1653,Créativité et innovation en gestion,3
MNG1663,Leadership et direction des organisations,3
MNG1673,Gestion immobilière,3
MNG1683,Compétences méthodologiques en administration,3
MNG1693,Projet d’intervention,3
MNG5023,Analyse statistique I,3
MQT1003,Statistiques pour économistes,3
MQT1053,Modèles mathématiques,3
MQT1093,Introduction à la biostatistique,3
MQT1133,Statistiques et utilisation de données,3
MQT1143,Méthodes statistiques,3
MQT1183,Modèles d’optimisation en gestion,3
MQT1193,Éléments de mathématiques pour la gestion,3
MQT1203,Introduction à la statistique de gestion,3
MQT1223,Introduction à la muséologie,3
MSL1003,Synthèse en muséologie et patrimoines,3
MSL1006,Collection et conservation,6
MSL1033,Musées: éducation et publics,3
MSL1043,Exposition: théorie et pratique,3
MSL1053,Technologies et musées,3
MSL1063,Muséographie I: conception et scénarisation,3
MSL1073,Patrimoine: théorie et pratique,3
MSL1083,Organisation des institutions patrimoniales,3
MSL1103,Musée et société: enjeux contemporains,3
MSL1123,Musée et images,3
MSL1143,Expographie,3
MSL1153,L’objet muséal,3
MSL1163,"Financement, production et charge de projet",3
MSL1173,Histoire des musées,3
MSL1183,Stage I en muséologie et patrimoines: observation,3
MSL5003,Stage en muséologie et patrimoines,3
MSL5005,1Ensemble 1,5
MUE3010,1Ensemble 2,1
MUE30208,1Petits et grands ensembles,1
MUE30308,1Ensemble 4,1
MUE30408,"Optique, œil et fonctions visuelles",1
OPT1003,Techniques d’évaluation des amétropies et des fonctions visuelles,3
OPT1023,Démarche clinique et pratique,3
OPT1033,Ateliers pratiques I,3
OPT5002,Ateliers pratiques II,2
OPT5022,PED 50021Stage I: sensibilisation à la pratique de l’enseignement,2
PED 500,Communication avec les intervenants en milieu scolaire,2
PED1071,Pédagogie et applications techniques : domaine du français,1
PED1081,Pédagogie et applications techniques : domaines de l’univers social,1
PED1091,Séminaire d’introduction et portfolio I,1
PED1092,Pédagogie et applications techniques : domaines des mathématiques et des sciences et technologie,2
PED1101,Projet interdisciplinaire en enseignement au secondaire,1
PED1102,Gestion de classe et discipline,2
PED1823,Introduction aux programmes,3
PED2002,Communication avec les intervenants en milieu scolaire,2
PED2022,Introduction à la recherche en éducation,2
PED2023,Histoire et théories de l’éducation,3
PED2053,"Évaluation, régulation et bilan des apprentissages",3
PED2063,Pédagogie et environnements d’apprentissage numérisés en contexte disciplinaire,3
PED2073,Gestion de classe et efficacité professionnelle,3
PED2083,Fondements et théories de l’apprentissage scolaire,3
PED2093,Laboratoire d’initiation à la pratique de l’enseignement en adaptation scolaire,3
PED2103,La gestion de la classe et l’exercice de la discipline I : fondements théoriques et pratiques de la gestion de la classe,3
PED2123,La gestion de la classe et l’exercice de la discipline II : mises en pratique et efficacité professionnelle,3
PED2133,Introduction à la recherche en éducation,3
PED2143,Différenciation pédagogique,3
PED2153,Technopédagogie en contexte disciplinaire,3
PED2163,Stage I : sensibilisation à la pratique de l’enseignement,3
PED5002,Stage en enseignement hors Québec,2
PED5013,Projet synthèse en enseignement des arts visuels au primaire,3
PED5022,Stage II : habilitation didactique,2
PED5024,Laboratoire d’initiation à la pratique en éducation préscolaire et en enseignement primaire,4
PED5032,Stage I: rétroaction de l’acte pédagogique (étudiant en exercice),2
PED5053,Laboratoire d’initiation à la pratique de l’enseignement au préscolaire et au primaire,3
PED5403,Laboratoire d’initiation à la pratique de l’enseignement au secondaire,3
PED5423,Raisonnement et pensée critique,3
PHI0003,Comportement organisationnel,3
PLS1103,Initiation à la communication interpersonnelle,3
PLS1183,Psychosociologie des attitudes,3
PLS1243,Participation et travail en groupe,3
PLS1253,"Leadership, influence et pouvoir",3
PLS1263,Psychologie sociale et organisation de milieu,3
PLS1383,Psychosociologie de la vie moderne,3
PLS1393,Initiation à l’animation de groupe,3
PLS1403,Résolution de problèmes et gestion de conflits,3
PLS1423,"Gestion du stress, coping et adaptation",3
PLS1453,Projet d’intervention en animation,3
PLS5003,Introduction à la pensée politique,3
POL1063,Fondements de l’analyse politique,3
POL1073,Vie politique municipale,3
POL1083,État et pouvoir économique dans les sociétés contemporaines,3
POL1093,Activité d’intégration des connaissances majeure/mineure,3
POL1103,Théories politiques contemporaines,3
POL1123,Partis politiques,3
POL1133,Mouvements et idéologies politiques au Québec,3
POL1143,Pouvoirs politiques et pouvoirs économiques au Canada et au Québec,3
POL1153,Systèmes politiques étrangers : États-Unis,3
POL1173,Politiques étrangères,3
POL1183,Politiques publiques locales et lutte contre la pauvreté,3
POL1193,Organisations internationales,3
POL1223,Histoire et théorie de la démocratie,3
POL1233,Histoire et théories du libéralisme,3
POL1243,Processus politiques dans la société contemporaine,3
POL1253,Système mondial et relations internationales,3
POL1263,Politiques et administration publiques,3
POL1273,Politique au Canada et au Québec,3
POL1283,Exploration disciplinaire,3
PRE0003,Activité d’intégration,3
PRE0023,Éléments de physique et de chimie,3
PRE0033,Approches et modèles en intervention psychosociale,3
PSE1003,Interventions et identité professionnelle en psychoéducation,3
PSE1023,Familles à risques et en difficulté: problématiques et interventions,3
PSE1063,Approche communautaire et intervention,3
PSE1143,Problématiques et difficultés spécifiques d’adaptation,3
PSE1153,PSE1153B1Problématiques et difficultés spécifiques d’adaptation :approfondissement clinique de la délinquance et de la criminalité,3
PSE1153B,PSE1153C1Problématiques et difficultés spécifiques d’adaptation : délinquance sexuelle,3
PSE1153C,PSE1153D1Problématiques et difficultés spécifiques d’adaptation : la mort et le deuil,3
PSE1153D,PSE1153E1Problématiques et difficultés spécifiques d’adaptation : les élèves en difficulté d’apprentissage,3
PSE1153E,PSE1153F1Problématiques et difficultés spécifiques d’adaptation : minorités sexuelles,3
PSE1153F,PSE1153G1Problématiques et difficultés spécifiques d’adaptation : troubles de comportement des enfants,3
PSE1153G,"PSE1153H1Problématiques et difficultés spécifiques d’adaptation : problèmes d’adaptation à l’adolescence : fugue, itinérance et violence",3
PSE1153H,PSE1153I1Problématiques et difficultés spécifiques d’adaptation: la violence familiale,3
PSE1153I,PSE1153J1Problématiques et difficultés spécifiques d’adaptation: comportement alimentaire.,3
PSE1153J,PSE1153K1Problématiques et difficultés spécifiques d’adaptation: milieu scolaire,3
PSE1153K,Réseaux de services et aspects juridiques de l’intervention psychoéducative,3
PSE1163,Clientèles et interventions en délinquance et en criminalité,3
PSE1173,Expression et créativité en intervention psychoéducative,3
PSE1183,"Réalité familiale, vulnérabilité et soutien parental",3
PSE1193,Observation et évaluation des difficultés d’adaptation psychosociale,3
PSE1203,"Approche psychoéducative, clientèles et attitudes professionnelles",3
PSE1223,Clientèles et interventions en petite enfance,3
PSE1233,Clientèles et interventions en déficience intellectuelle,3
PSE1253,Clientèles et interventions en troubles du spectre de l’autisme,3
PSE1303,Évaluation de programmes I : Les besoins et analyse des programmes,3
PSE1323,Problèmes sociaux émergents/contemporains,3
PSE1333,Sensibilisation à la pratique psychoéducative,3
PSE1343,Méthodologie scientifique : Introduction,3
PSE1353,Développement de la personne : Enfance et adolescence,3
PSE1363,Observation et entrevues en psychoéducation,3
PSE1373,Développement de la personne : Âge adulte et personne vieillissante,3
PSE1383,Méthodologie scientifique : Approfondissement,3
PSE1393,Clientèles et interventions en contexte scolaire,3
PSE1403,Laboratoire 1 : Relation d’aide et utilisation psychoéducative du vécu,3
PSE1423,Difficultés d’adaptation associées aux troubles mentaux 2 : Âge adulte,3
PSE1433,Élaboration et utilisation des instruments de mesure en psychoéducation,3
PSE1443,"Laboratoire 2 : Planification, organisation et animation en intervention psychoéducative",3
PSE1453,Évaluation psychoéducative des difficultés d’adaptation psychosociale,3
PSE1463,Laboratoire 3 : Interventions en situation de crise,3
PSE1473,Difficultés d’adaptation et clientèles émergentes/contemporaines,3
PSE1483,Initiation aux plans d’intervention en psychoéducation,3
PSE1493,Difficultés d’adaptation associées aux troubles mentaux 1 : Enfance et adolescence,3
PSE1523,Laboratoire de pratiques collaboratives interprofessionnelles,3
PSE5001,Laboratoire : attitudes professionnelles en intervention psychoéducative,1
PSE5003,"Stage I: observation, évaluation, intervention individuelle et de groupePSE5003 et ",3
PSE5006,Stage II : organisation et animation de l’intervention psychoéducative,6
PSE5009,"Stage I : Planification, organisation et animation de l’intervention psychoéducative",9
PSE5036,Stage I : planification de l’intervention psychoéducative,6
PSE5043,"Stage II : Planification, organisation et animation de l’intervention psychoéducative",3
PSE5046,Laboratoire 1 : Relation d’aide et utilisation psychoéducative du vécu,6
PSE5053,Sensibilisation aux pratiques de la psychologie,3
PSM1003,Atelier d’observation en psychologie du développement,3
PSM5033,Atelier d’observation en psychologie en éducation,3
PSM5043,Atelier d’observation en analyse du comportement,3
PSM5053,Atelier d’observation en psychologie sociale,3
PSM5073,Atelier d’observation en psychologie communautaire,3
PSM5083,Psychologie du développement de l’adulte,3
PSY1403,Observation des comportements humains,3
PSY1523,Développement socioaffectif de l’enfant et de l’adolescent,3
PSY1543,L’évolution graphique chez l’enfant et l’adolescent,3
PSY1553,Histoire de la psychologie,3
PSY1563,Méthodologies de la recherche en psychologie,3
PSY1573,Analyse quantitative en psychologie,3
PSY1583,Introduction à la psychométrie,3
PSY1593,Bases psychobiologiques du comportement,3
PSY1603,Psychologie de la perception,3
PSY1633,Psychologie de l’apprentissage,3
PSY1643,Processus cognitifs,3
PSY1653,Psychologie de la motivation et des émotions,3
PSY1663,Psychologie de la personnalité,3
PSY1673,Psychologie du développement,3
PSY1683,Psychopathologie descriptive,3
PSY1693,Psychologie sociale,3
PSY1703,Psychologie communautaire,3
PSY1723,Psychologie différentielle des sexes,3
PSY1733,"Psychologie, cultures et ethnicité",3
PSY1743,Psychologie dynamique,3
PSY1753,Psychologie humaniste,3
PSY1773,Psychologie en éducation,3
PSY1793,Psychologie de la famille,3
PSY1803,Psychologie comparée et éthologie,3
PSY1833,Méthodes et techniques d’observation,3
PSY1843,Méthodes d’enquête,3
PSY1853,Recherche qualitative,3
PSY1863,Psychopathologie de l’enfant et de l’adolescent,3
PSY1893,Psychopathologie de l’adulte,3
PSY1903,Approches phénoménologiques,3
PSY1973,Individu créateur et entraînement à la créativité,3
PSY1983,Psychologie de l’apprentis. & du développement en éducation,3
PSY1993,Psychologie de la marginalité en éducation : problèmes cognitifs,3
PSY2003,Psychologie de la marginalité en éducation : problèmes socioaffectifs,3
PSY2023,Psychologie e la douance et talent,3
PSY2033,Développement cognitif et métacognitif,3
PSY2043,Psychologie du développement II,3
PSY2073,Analyse fonctionnelle du comportement,3
PSY2083,Thèmes avancés en cognition,3
PSY2173,Psychobiologie du développement,3
PSY2183,Psychologie des attitudes,3
PSY2193,Psychologie des relations interpersonnelles,3
PSY2203,Psychologie de la communication,3
PSY2223,Psychologie des relations intergroupes,3
PSY2243,Psychologie communautaire: approche préventive,3
PSY2253,Psychologie de l’environnement,3
PSY2283,Méthodes projectives,3
PSY2333,Théories et technique de l’entrevue,3
PSY2343,Développement de l’enfant et de l’adolescent,3
PSY2363,Introduction à la neuropsychologie,3
PSY2383,Psychologie comportementale et cognitive,3
PSY2393,Psychologie du vieillissement,3
PSY2403,Techniques avancées d’analyses quantitatives de données,3
PSY2423,Techniques avancées d’analyses qualitatives de données,3
PSY2433,Introduction à l’évaluation et à l’intervention en psychologie clinique,3
PSY2443,Cyberpsychologie,3
PSY2453,Thèmes avancés en psychologie humaniste,3
PSY2463,Thèmes avancés en psychologie du développement,3
PSY2473,Thèmes avancés en psychologie comportementale et cognitive,3
PSY2483,Thèmes avancés en neuropsychologie,3
PSY2493,Thèmes avancés en psychologie sociale et de la personnalité,3
PSY2503,Thèmes avancés en psychologie dynamique,3
PSY2523,Introduction à la psychopharmacologie,3
PSY2533,Délinquance sexuelle et criminalité,3
PSY2543,Hormones et comportement,3
PSY2553,Psychologie de la mort et du deuil,3
PSY2563,Psychologie de la santé,3
PSY2573,Sommeil et rêves,3
PSY2583,Psychologie de la sexualité,3
PSY2593,Activité de recherche en psychologie I,3
PSY2603,Activité de recherche en psychologie II,3
PSY2623,Biopsychologie,3
PSY2633,Psychologie du développement personnel,3
PSY2643,Relation d’aide et soutien psychologique,3
PSY2653,Psychologie des groupes sociaux et des relations intergroupes,3
PSY2663,Victimes de violence sexuelle,3
PSY2673,Psychologie de la dépendance,3
PSY2683,Toxicomanie et problématiques associées,3
PSY2693,Soutien psychologique et entretien motivationnel,3
PSY2703,Auteurs de violence sexuelle,3
PSY2723,Laboratoire de pratique des tests en psychologie clinique,3
PSY3053,Laboratoire de recherche expérimentale et quasi-expérimentale,3
PSY5003,Laboratoire de pratique des tests en psychologie de l’adulte,3
PSY5023,"Relation d’aide et ""thérapie de la réalité"" à l’école I",3
PSY9003,Portugais par la lecture I,3
PTG1003,Portugais élémentaire I,3
PTG1023,Portugais élémentaire II,3
PTG1033,Relations industrielles,3
REI1003,Stage coopératif en relations industrielles I,3
REI1010,Stage coopératif en relations industrielles II,0
REI1020,Stage coopératif en relations industrielles III,0
REI1030,Politiques de sécurité sociale et de sécurité du revenu,0
REI1053,Phénomène du syndicalisme,3
REI1093,Psychologie du travail,3
REI1103,Sociologie du travail,3
REI1153,Politiques de main-d’oeuvre,3
REI1163,Systèmes comparés de relations industrielles,3
REI1173,Aspects économiques de la négociation collectiveECN1373 ou ,3
REI1183,Conflit industriel,3
REI1193,Méthodologie en relations industrielles,3
REI1253,Organisation du travail et participation à la gestion,3
REI1263,"Changement technique, travail et culture",3
REI1293,Convention collective,3
REI1303,Théories et processus de la négociation collective,3
REI1323,Éléments de psychologie appliqués au travail,3
REI1343,Carrière et évaluation des personnes en milieu de travail,3
REI1363,Introduction aux politiques publiques de travail,3
REI1373,Politiques d’emploi,3
REI1393,Politiques d’équité salariale et d’égalité d’accès à l’emploi,3
REI1403,Politiques du travail dans les pays industrialisés,3
REI1423,Intégration en relations industrielles et en ressources humaines,3
REI1433,Sociologie des conflits de travail,3
REI1453,Nouvelles formes d’organisation du travail,3
REI1463,Sociologie du changement technique,3
REI1473,Séminaire thématique en relations industrielles et projet d’intervention,3
REI1483,Psychologie organisationnelle,3
REI1523,Application de la convention collectiveDRT1183 ou ,3
REI1543,Histoire du travail et des sociétés québécoise et canadienne,3
REI1553,Gestion du risque en milieu de travail,3
REI1563,Atelier de recherche en relations industrielles,3
REI1573,Diagnostic et développement organisationnel,3
REI1583,"L’organisation, la gestion et le professionnel en RI",3
REI1593,Régime fédéral de régulation du travail,3
REI1603,Cas en relations industrielles,3
REI1623,Diversité et GRH internationale,3
REI1633,"Environnement, santé et travail",3
REI1643,Gestion du rendement et des carrières,3
REI1653,Intervention en santé et sécurité du travail,3
REI1663,Politiques publiques du marché du travail,3
REI1673,Prévention et gestion de l’incapacité au travail,3
REI1683,Séminaire thématique en santé et sécurité du travail,3
REI1693,Emploi et salaire,3
REI1703,Gestion des ressources humaines,3
REI1723,Politiques économiques et marché du travail,3
REI1733,Rémunération,3
REI1743,"Analyse d’emploi, profil de compétences et mesure en GRH",3
REI1753,Stratégie en gestion des ressources humaines,3
REI1763,Dotation,3
REI1773,Élaboration et évaluation de programmes publics,3
REI1783,Mondialisations et comparaisons internationales en relations du travail,3
REI1793,Formation et développement des ressources humaines,3
REI1803,Santé psychologique au travail,3
REI1823,Relations du travail dans le secteur public,3
REI1833,Gestion intégrée en santé et sécurité du travail,3
REI1843,Introduction à la santé et sécurité du travail,3
REI1853,Introduction à l’hygiène du travail,3
REI1863,Introduction à l’ergonomie,3
REI1873,Ergonomie et travail humain,3
REI1883,Cas pratique en santé et sécurité du travail,3
REI1893,Séminaire sur les pratiques syndicales,3
REI5023,Séminaire de recherche en relations industrielles,3
REI5053,Séminaire pratique de la négociation collective,3
REI5063,Séminaire thématique en relations industrielles,3
REI5193,Le Christ Seigneur et Sauveur I,3
REL1053,Fondements de la foi catholique et des grandes religions du monde,3
REL1133,Éthique et culture religieuse,3
REL1143,Éthique et culture religieuse : développement personnel et dimension psychosociale,3
REL1163,Séminaire : monde contemporain et théologie,3
REL5023,Systèmes d’information pour gestionnaires,3
SIG1003,Systèmes intégrés de gestion,3
SIG1023,Gestion des processus d’affaires,3
SIG1033,Intelligence d’affaires,3
SIG1043,Architecture des systèmes d’information,3
SIG1053,Simulation d’une entreprise intégrée,3
SIG1063,Étude de faisabilité d’un système d’information,3
SIG1073,Santé mentale de l’enfant et de l’adolescent,3
SME1103,Santé mentale et intervention,3
SME1123,Santé mentale,3
SME1143,Pratiques sociales et santé mentale,3
SME1153,Organisations,3
SOC1093,Changements planifiés dans les systèmes sociaux,3
SOC1133,Femmes et société,3
SOC1153,Familles et groupes d’appartenance,3
SOC1173,Condition masculine et pratiques sociales,3
SOC1193,Problèmes sociaux et mouvements sociaux,3
SOC1223,Rapports de genre et sociétés,3
SOC1233,"Pauvreté : processus, impacts et changements",3
SOC1243,Nouvelles réalités familiales,3
SOC1253,Classes sociales et mouvements sociaux,3
SOC1263,Sociologie urbaine,3
SOC1273,Sociologie de la culture,3
SOC1283,Sociologie de l’Afrique,3
SOC2003,Sociologie de la connaissance,3
SOC2043,Sociologie du genre,3
SOC2053,Structure et dynamique des populations,3
SOC2333,Diversité sociale au Québec et au Canada,3
SOC2393,Courants et concepts sociologiques contemporains,3
SOC2443,Sociologie de l’environnement,3
SOC2473,Histoire de la pensée sociologique,3
SOC2503,Sociologie de la famille,3
SOC2533,Sociologie des organisations,3
SOC2553,Mouvements sociaux et société québécoise,3
SOC2653,Diversité culturelle et intervention sociale,3
SOC2663,"Science, technologie, information et société",3
SOC2673,Introduction à la sociologie autochtone,3
SOC2683,Valeurs et société,3
SOC2703,Séminaire d’intégration disciplinaire,3
SOI1003,Expérience de santé: adultes et personnes agées I,3
SOI1023,Expérience de santé: adultes et personnes agées II,3
SOI1033,Expérience de santé: situations de soins critiques,3
SOI1043,Rôles contemporains de l’infirmière clinicienne et de l’assistante infirmière-chef,3
SOI1053,Expérience de santé: de la conception à l’adolescence,3
SOI1063,Soins de plaies,3
SOI1073,Soins infirmiers à la personne en phase terminale,3
SOI3093,Évaluation physique,3
SOI3253,Introduction aux sciences infirmières,3
SOI3353,Dimensions éthiques et juridiques de la pratique infirmière,3
SOI3373,Santé parentale et soins infirmiers,3
SOI3383,"Santé de l’enfance, de l’adolescence et soins infirmiers",3
SOI3393,Problèmes de santé mentale et soins infirmiers,3
SOI3403,Santé de l’adulte et soins infirmiers,3
SOI3433,Santé des personnes âgées et soins infirmiers,3
SOI3443,Santé des communautés et soins infirmiers,3
SOI3453,Processus interatif et intersubjectif en pratique infirmière,3
SOI3463,Méthodologie de la pratique infirmière,3
SOI3473,Atelier thématique en pratique infirmière I,3
SOI3493,SOI3493A1Atelier thématique en pratique infirmière I - Cardiologie,3
SOI3493A,SOI3493B1Atelier thématique en pratique infirmière I - Gestion de la douleur,3
SOI3493B,SOI3493C1Atelier thématique en pratique infirmière I - Personnes âgées,3
SOI3493C,SOI3493D1Atelier thématique en pratique infirmière I - Prévention et contrôle des infections,3
SOI3493D,SOI3493F1Atelier thématique en pratique infirmière I - Soins palliatifs et fin de vie,3
SOI3493F,Atelier thématique en pratique infirmière II,3
SOI3503,Expérience de santé : l’unicité dans la diversité,3
SOI3543,Expériences de la santé : transitions associées à la croissance et au développement,3
SOI3553,Théories et pratique infirmière,3
SOI3563,Méthodes qualitatives de recherche en sciences infirmières,3
SOI3573,Méthodes quantitatives de recherche en sciences infirmières,3
SOI3583,Modèles conceptuels et théories pratique infirmière II,3
SOI3593,Modèles conceptuels et théories en pratique infirmière III,3
SOI3603,Expérience de santé : groupes et collectivités,3
SOI3623,Expérience de santé : famille en période périnatale,3
SOI3643,"Expérience de santé : l’enfant, l’adolescent et sa famille",3
SOI3653,Expérience de santé : personnes présentant des problèmes de santé mentale,3
SOI3663,Expérience de santé : adultes et personnes âgées,3
SOI3673,Expérience de santé : chronicité,3
SOI3683,Intervention éducative en pratique infirmière,3
SOI3693,Santé familiale et pratique infirmière,3
SOI3733,Laboratoire de pratiques collaboratives interprofessionnelles,3
SOI5001,Stage d’intégration,1
SOI5023,Expérience clinique : introduction aux soins infirmiers,3
SOI5073,Expérience clinique : personnes présentant des problèmes de santé mentale,3
SOI5103,Expérience clinique : famille,3
SOI5183,Expérience clinique : groupes et collectivités,3
SOI5273,Expérience clinique : jeunes familles en milieu naturel,3
SOI5283,Expérience clinique : jeunes familles en milieu institutionnel,3
SOI5293,Expérience clinique : personnes âgées en milieu naturel,3
SOI5303,Expérience clinique : adultes et personnes âgées I,3
SOI5323,Expérience clinique : adultes et personnes âgées II,3
SOI5333,Expérience clinique : soins critiques,3
SOI5343,Expérience clinique : chronicité,3
SOI5353,Expérience clinique en gestion des services de santé,3
SOI5363,Préparation à l’examen québécois d’autorisation à la pratique infirmière,3
SOI9053,Structures et fonction biologique humaine I,3
SSA1163,Structure et fonction biologique humaine II,3
SSA1173,Microbiologie et immunologie,3
SSA1243,Pharmacothérapie,3
SSA1263,Exploration d’interventions alternatives en santé,3
SSA1273,Intervention auprès de l’alcoolique et du toxicomane,3
SSA1293,Modèles et théories en sciences infirmières,3
SSA1333,Physiopathologie ISSA1163 et ,3
SSA1343,Physiopathologie II,3
SSA1353,Structure et fonction biologique humaine III,3
SSA1363,Expérience de santé : la perte et le deuil,3
SSA1373,Politiques et programmes socioéconomiques,3
SSO1003,Processus de recherche en sciences sociales,3
SSO1023,Activité d’intégration des connaissances en sciences sociales,3
SSO1033,Méthodes quantitatives en sciences sociales,3
SSO1043,Méthodes qualitatives en sciences sociales,3
SSO1053,Sondage et techniques de collecte de données,3
SSO1063,Activité thématique en sciences sociales,3
SSO1073,"Canada et Québec: aspects sociaux, culturels et politiques",3
SSO1083,Processus et outils juridiques,3
SSO1093,Villes et métropoles,3
SSO2003,Stage,3
SSO5006,Nouvelles technologies et santé et sécurité au travail,6
SST1043,Toxicologie industrielle,3
SST1053           ,Techniques d’enquête,3
SST1073,Élaboration de programmes de prévention,3
SST1093,Gestion des dossiers en santé et sécurité au travail,3
SST1133,Hygiène du travail,3
SST1153,Politiques publiques en santé et sécurité au travail,3
SST1193,TESTANGLAIS1Test de classement en rédaction anglaise,3
TESTANGLAIS,Initiation à la traduction française,0
TRA1003,Réalisation de projet,3
TRA1173,Activité d’intégration professionnelle,3
TRA1183,Méthodologie de la traduction I,3
TRA1193,Méthodologie de la traduction II,3
TRA1203,Atelier de traduction,3
TRA1223,Initiation à la traduction littéraire,3
TRA1233,Traduction anglaise I,3
TRA1243,Traduction anglaise II,3
TRA1253,Révision de textes,3
TRA1263,Traduction administrative et commerciale,3
TRA1273,Projets langagiers en partenariat avec le milieu professionnel,3
TRA1303,Adaptation de textes,3
TRA1333,Initiation à la traduction juridique,3
TRA1343,Traduction automatique et postédition,3
TRA1353,Initiation à la traduction multimédia,3
TRA1363,Atelier de révision,3
TRA1373,Traduction technique et scientifique,3
TRA1383,Préparation au travail intellectuel en travail social,3
TSO1001,Introduction au travail social,1
TSO1003,Intervenir en milieu communautaire,3
TSO1004,Questions sociales contemporaines,3
TSO1005,Recherche et analyse de pratiques,3
TSO1006,Théories sociologiques et travail social,3
TSO1023,Théories psychologiques et travail social,3
TSO1033,"La personne, relations interpersonnelles et contexte social",3
TSO1043,Méthodologie de recherche en travail social I,3
TSO1163,Méthodologie de l’intervention sociale de groupe,3
TSO2193,Méthodologie de l’intervention sociale personnelle,3
TSO2223,Méthodologie de l’organisation communautaire,3
TSO2233,Politiques sociales,3
TSO2243,Théories et pratiques de l’organisation communautaire,3
TSO2273,Théories et pratiques d’intervention sociale personnelle I,3
TSO2283,La relation d’aide en travail social,3
TSO2303,Méthodologie du travail social de groupe,3
TSO2323,Méthodologie de l’intervention psychosociale,3
TSO2333,Théories et pratiques de l’intervention psychosociale,3
TSO2343,Méthodologie de recherche en travail social,3
TSO2353,Théories et pratiques du travail social de groupe,3
TSO2363,Travail social et dépendances,3
TSO2373,Travail social auprès des enfants et des adolescents,3
TSO2383,Travail social et vieillissement,3
TSO2393,Enjeux et défis du travail social contemporain,3
TSO2403,Fondements théoriques du travail social,3
TSO2423,Savoir être et pratique réflexive,3
TSO2433,Théories et pratiques de l’intervention en travail social auprès des personnes,3
TSO2443,Théories et pratiques de l’intervention collective,3
TSO2453,Processus d’intervention en travail social auprès des personnes,3
TSO2463,Méthodologie de l’intervention collective,3
TSO2473,Introduction au travail social de groupe,3
TSO2483,Nouveaux risques sociaux et protection sociale,3
TSO2493,"Déontologie, éthique et délibération en travail social",3
TSO2503,"Collaboration, négociation et communication interprofessionnelles",3
TSO2523,Diversité sexuelle et de genre,3
TSO2533,Travail social et protection de l’enfance,3
TSO2543,Intervention auprès des enfants et des adolescents,3
TSO2553,Intervention différenciée selon le genre,3
TSO2563,"Travail social et réadaptation : intervenir en DI, TED, DP",3
TSO2573,Travail social de groupe avancé,3
TSO2583,Travail social international,3
TSO2593,Dépendances et intervention,3
TSO2603,École d’été en territoire autochtone,3
TSO2623,Développement communautaire comparé,3
TSO3093,Intervention familiale,3
TSO4173,Interventions féministes,3
TSO4183,Laboratoire de pratiques collaboratives interprofessionnelles,1
TSO5001,Laboratoire : initiation aux champs de pratique du travail social,3
TSO5003,"Observations, interventions et analyses des milieux et des pratiques en travail social",4
TSO5004,Stage 1 : Intégration de la pratique du travail social,7
TSO5007,Stage 2 : Consolidation de la pratique du travail social,9
TSO5009,Stage 2 : Consolidation de la pratique du travail social à l’international1,2
TSO5112,Stage II : consolidation de la pratique du travail social1,2
TSO5212,Stage I : expérimentation de la pratique du travail social,6
TSO5236,Crédits de recherche,3
TSO6103,Projet d’engagement social,3
TSO6123,Théories des toxicomanies et modèles de consommation,3
TXM1353,Réadaptation des toxicomanes,3
TXM1403,Promotion de la santé et prévention des toxicomanies,3
TXM1503,Intervention auprès de l’entourage,1
TXM2601,Ateliers pratiques en réadaptation,3
TXM3503,Ateliers pratiques en prévention,3
TXM3703,,3
